,Paper Title,Author,Affiliation,Conference,Year,Link to Paper,Code,Available,ReadMe,RepoGoal,TrainedModel,Out-of-box,Runs,Output,Data_Available,Train/test,Reason,ModelUsed,Hyperparameters,Training Described
1,Cracking-Resistant Password Vaults Using Natural Language Encoders,"Rahul Chatterjee, Joseph Bonneau
, Ari Juels
, Thomas Ristenpart",0,S&P,2015,https://ieeexplore.ieee.org/stamp/stamp.jsp?tp=&arnumber=7163043,1,3,2,2,0,0,0,0,7,1,-1,random forest classifiers,1,2
3,De-anonymizing Programmers via Code Stylometry,"Aylin Caliskan-Islam,
Richard Harang,
Andrew Liu,
Arvind Narayanan,
Clare Voss,
Fabian Yamaguchi,
Rachel Greenstadt,",,Usenix,2015,https://www.usenix.org/system/files/conference/usenixsecurity15/sec15-paper-caliskan-islam.pdf,1,1,1,2,0,0,0,0,0,0,0,Random forest classifiers,2,2
11,"Vulnerability Disclosure in the Age of Social Media:
Exploiting Twitter for Predicting Real-World Exploits","Carl Sabottke, Octavian Suciu,
Tudor Dumitras",0,Usenix,2015,https://www.usenix.org/system/files/conference/usenixsecurity15/sec15-paper-sabottke.pdf,1,4,-1,1,-1,-1,1,-1,3,0,2,SVM Classifier,2,2
20,"Model Inversion Attacks that Exploit Confidence Information
and Basic Countermeasures","Matt Fredrikson, Somesh Jha, Thomas Ristenpart",0,CCS,2015,https://dl.acm.org/doi/pdf/10.1145/2810103.2813677,1,5,2,1,0,1,1,0,-1,1,-1,"Decision trees, Neural Network",2,2
23,Seeing through Network-Protocol Obfuscation,"Liang Wang, Kevin P. Dyer, Aditya Akella, Thomas Ristenpart, Thomas Shrimpton",0,CCS,2015,https://dl.acm.org/doi/pdf/10.1145/2810103.2813715,1,3,2,0,0,0,0,0,0,0,0,5 classifiers,1,2
29,Towards the Detection of Inconsistencies in Public Security Vulnerability Reports,"Ying Dong
, Wenbo Guo, Yueqi Chen
,
Xinyu Xing, Yuqing Zhang
, and Gang Wang",1,Usenix,2019,https://www.usenix.org/system/files/sec19-dong.pdf,0,1,1,0,0,0,0,1,7,1,-1,"deep learning based - NER, RE model",2,2
34,Beyond Credential Stuffing: Password Similarity Models using Neural Networks,"Bijeeta Pal, Tal Daniel, Rahul Chatterjee, Thomas Ristenpart ",0,S&P,2019,https://ieeexplore.ieee.org/stamp/stamp.jsp?arnumber=8835247,1,3,2,0,0,0,0,1,7,1,-1,"neural network (RNN, LSTM)",2,2
36,Certified Robustness to Adversarial Examples with Differential Privacy,"Mathias Lecuyer, Vaggelis Atlidakis, Roxana Geambasu, Daniel Hsu, Suman Jana",0,S&P,2019,https://ieeexplore.ieee.org/stamp/stamp.jsp?arnumber=8835364,1,1,2,0,1,0,0,0,7,1,-1,DNN,2,2
43,Differentially Private Model Publishing for Deep Learning,"Lei Yu, Ling Liu, Calton Pu, Mehmet Emre Gursoy, Stacey Truex",0,S&P,2019,https://ieeexplore.ieee.org/stamp/stamp.jsp?arnumber=8835283,1,3,2,1,-1,0,0,0,4,1,-1,DNN + SGD,2,2
44,"Exploiting Unintended Feature Leakage
in Collaborative Learning","Luca Melis, Congzheng Song, Emiliano De Cristofaro, Vitaly Shmatikov",0,S&P,2019,https://ieeexplore.ieee.org/stamp/stamp.jsp?arnumber=8835269,1,3,1,1,0,0,0,0,4,1,-1,"Collaborative learning, DNNs",2,2
49,"Neural Cleanse: Identifying and Mitigating
Backdoor Attacks in Neural Networks","Bolun Wang, Yuanshun Yao, Shawn Shan, Huiying Li, Bimal Viswanath, Haitao Zheng, Ben Y. Zhao",,S&P,2019,https://ieeexplore.ieee.org/stamp/stamp.jsp?arnumber=8835365,1,3,2,0,1,0,0,0,7,-1,-1,DNN,2,2
60,"AdVersarial: Perceptual Ad Blocking meets
Adversarial Machine Learning","Florian Tramèr, Pascal Dupré, Gili Rusak, Giancarlo Pellegrino, Dan Boneh",,CCS,2019,https://dl.acm.org/doi/pdf/10.1145/3319535.3354222,1,1,2,0,1,0,0,0,1,1,-1,NN,0,1
63,"DeepIntent: Deep Icon-Behavior Learning for Detecting
Intention-Behavior Discrepancy in Mobile Apps","Shengqu Xi, Shao Yang, Xusheng Xiao, Yuan Yao, Yayuan Xiong, Fengyuan Xu, Haoyu Wang, Peng Gao, Zhuotao Liu, Feng Xu, Jian Lu",0,CCS,2019,https://dl.acm.org/doi/pdf/10.1145/3319535.3363193,1,1,2,0,0,0,0,0,8,-1,0,RNN,2,2
66,Effective and Light-Weight Deobfuscation and Semantic-Aware Attack Detection for PowerShell Scripts,"Zhenyuan Li, Qi Alfred Chen, Chunlin Xiong, Yan Chen, Tiantian Zhu, Hai Yang",1,CCS,2019,https://dl.acm.org/doi/pdf/10.1145/3319535.3363187,1,1,0,1,0,0,0,0,7,1,-1,"logistic regression with gradient
descent binary classifier",0,2
68,HideNoSeek: Camouflaging Malicious JavaScript in Benign ASTs,"Aurore Fass, Michael Backes, and Ben Stock",0,CCS,2019,https://dl.acm.org/doi/pdf/10.1145/3319535.3345656,1,3,2,1,0,0,0,0,4,0,1,attacks on classifiers (did not build a model),-1,-1
69,Latent Backdoor Attacks on Deep Neural Networks,"Yuanshun Yao, Huiying Li, 
Haitao Zheng, Ben Y. Zhao",0,CCS,2019,https://dl.acm.org/doi/pdf/10.1145/3319535.3354209,1,3,2,2,1,1,1,1,7,1,-1,DNN,2,2
70,Learning to Fuzz from Symbolic Execution with Application to Smart Contracts,"Jingxuan He, Mislav Balunoviƒá, Nodar Ambroladze, Petar Tsankov, Martin Vechev",,CCS,2019,https://dl.acm.org/doi/pdf/10.1145/3319535.3363230,1,1,2,2,1,0,0,0,7,1,-1,"FCN, RNN,GRU",2,2
73,"Make Some ROOM for the Zeros: Data Sparsity in Secure
Distributed Machine Learning","Phillipp Schoppmann, Adrià Gascón, Mariana Raykova, Benny Pinkas",1,CCS,2019,https://dl.acm.org/doi/pdf/10.1145/3319535.3339816,1,1,0,0,0,0,0,0,8,0,-1,"bayes classifier, stochastic gradient descent for logistic regression, k-nn",2,2
78,"Neural Network Inversion in Adversarial Setting via
Background Knowledge Alignment","Ziqi Yang, Jiyi Zhang, Ee-Chien Chang, Zhenkai Liang",0,CCS,2019,https://dl.acm.org/doi/pdf/10.1145/3319535.3354261,1,3,2,1,0,0,0,0,7,1,-1,CNN,2,2
80,"Privacy Risks of Securing Machine Learning Models against
Adversarial Examples","Liwei Song, Reza Shokri, Prateek Mittal",0,CCS,2019,https://dl.acm.org/doi/pdf/10.1145/3319535.3354211,1,1,2,0,1,1,1,1,7,1,-1,CNN,2,2
82,"Quantitative Verification of Neural Networks
and Its Security Applications","Teodora Baluta, Shiqi Shen, Shweta Shinde, Kuldeep S. Meel, Prateek Saxena",0,CCS,2019,https://dl.acm.org/doi/pdf/10.1145/3319535.3354245,1,1,2,1,1,0,0,0,7,1,-1,BNN,2,2
87,"Triplet Fingerprinting: More Practical and Portable Website
Fingerprinting with N-shot Learning","Payap Sirinam, Nate Mathews, Mohammad Saidur Rahman, Matthew Wright",0,CCS,2019,https://dl.acm.org/doi/pdf/10.1145/3319535.3354217,1,1,2,0,0,1,1,1,7,1,-1,"deep learning model, n-shot learning model",2,2
90,"ML-Leaks: Model and Data Independent
Membership Inference Attacks and Defenses on
Machine Learning Models","Ahmed Salem
, Yang Zhang, Mathias Humbert, Pascal Berrang
,
Mario Fritz
, Michael Backes",0,NDSS,2019,https://www.ndss-symposium.org/wp-content/uploads/2019/02/ndss2019_03A-1_Salem_paper.pdf,1,1,0,1,0,0,0,0,4,1,-1,CNN,2,2
92,"Stealthy Adversarial Perturbations Against
Real-Time Video Classification Systems","Shasha Li
, Ajaya Neupane
, Sujoy Paul
, Chengyu Song
,
Srikanth V. Krishnamurthy
, Amit K. Roy Chowdhury
and Ananthram Swami",,NDSS,2019,https://www.cs.ucr.edu/~csong/ndss19-video.pdf,1,1,2,1,1,0,0,0,7,1,0,"CNN, C3D",2,2
97,"A Systematic Framework to Generate Invariants for
Anomaly Detection in Industrial Control Systems","Cheng Feng, Venkata Reddy Palleti
, Aditya Mathur
and Deeph Chana",1,NDSS,2019,https://www.ndss-symposium.org/wp-content/uploads/2019/02/ndss2019_07A-3_Feng_paper.pdf,1,3,0,1,1,0,0,0,7,1,-1,RNN LSTM,2,2
98,"Adversarial Attacks Against Automatic Speech
Recognition Systems via Psychoacoustic Hiding","Lea Schonherr, Katharina Kohls, Steffen Zeiler, Thorsten Holz, and Dorothea Kolossa",0,NDSS,2019,https://arxiv.org/pdf/1808.05665.pdf,1,3,2,2,0,0,0,0,7,1,-1,DNN,2,1
101,NIC: Detecting Adversarial Samples with Neural Network Invariant Checking,"Shiqing Ma, Yingqi Liu, Guanhong Tao, Wen-Chuan Lee, and Xiangyu Zhang",0,NDSS,2019,https://www.ndss-symposium.org/wp-content/uploads/2019/02/ndss2019_03A-4_Ma_paper.pdf,1,1,1,0,0,0,0,0,7,1,-1,DNN,2,2
103,"Life after Speech Recognition:
Fuzzing Semantic Misinterpretation for Voice
Assistant Applications","Yangyong Zhang, Lei Xu, Abner Mendoza, Guangliang Yang, Phakpoom Chinprutthiwong, Guofei Gu",0,NDSS,2019,https://people.engr.tamu.edu/guofei/paper/LipFuzzer-NDSS19.pdf,1,3,1,2,0,0,0,0,0,0,0,"NLP, Bayesian networks",0,-1
106,Gotta Catch’Em All: Using Honeypots to Catch Adversarial Attacks on Neural Networks,"Shawn Shan, Emily Wenger, Bolun Wang, Bo Li, Haitao Zheng, Ben Y. Zhao",,CCS,2020,https://dl.acm.org/doi/pdf/10.1145/3372297.3417231,1,3,2,0,0,0,0,0,4,1,-1,DNN,2,2
107,VisualPhishNet: Zero-Day Phishing Website Detection by Visual Similarity,Sahar Abdelnabi and Katharina Krombholz and Mario Fritz,0,CCS,2020,https://dl.acm.org/doi/pdf/10.1145/3372297.3417233,1,1,1,0,0,0,0,1,2,1,-1,CNN,2,2
108,GAN-Leaks: A Taxonomy of Membership Inference Attacks against Generative Models,Dingfan Chen; Ning Yu; Yang Zhang ; Mario Fritz ,0,CCS,2020,https://dl.acm.org/doi/pdf/10.1145/3372297.3417238,1,3,2,0,0,0,0,0,4,1,-1,GAN,2,2
109,A Tale of Evil Twins: Adversarial Inputs versus Poisoned Models,"Ren Pang,  Hua Shen; Xinyang Zhang ; Shouling Ji; Yevgeniy Vorobeychik ; Xiapu Luo; Alex X. Liu; Ting Wang",1,CCS,2020,https://dl.acm.org/doi/pdf/10.1145/3372297.3417253,1,1,2,2,1,0,0,0,4,1,-1,DNN,2,1
117,CrypTFlow2: Practical 2-Party Secure Inference,Deevashwer Rathe; Mayank Rathee; Nishant Kumar; Nishanth Chandran; Divya Gupta; Aseem Rastogi; Rahul Sharma,3,CCS,2020,https://dl.acm.org/doi/pdf/10.1145/3372297.3417274,1,1,2,2,1,0,0,0,4,1,-1,"DNN, CNN",2,-1
118,"Poking a Hole in the Wall: E!icient Censorship-Resistant
Internet Communications by Parasitizing on WebRTC","Diogo Barradas, Nuno Santos, Luís Rodrigues, Vítor Nunes",0,CCS,2020,https://dl.acm.org/doi/pdf/10.1145/3372297.3417874,1,1,2,2,1,0,0,0,2,0,-1,state of the art traffic Classifiers,0,0
120,TrafficSliver: Fighting Website Fingerprinting Attacks with Traffic Splitting,Wladimir De la Cadena; Asya Mitseva; Jens Hiller; Jan Pennekamp; Sebastian Reuter; Julian Filter; Klaus Wehrle; Thomas Engel; Andriy Panchenko,0,CCS,2020,https://dl.acm.org/doi/pdf/10.1145/3372297.3423351,1,1,2,2,0,0,0,0,0,0,0,"k-NN [47], CUMUL [34],
k-FP [19], and DF [44]",0,1
122,"Practical Recommendations for Stronger, More Usable
Passwords Combining Minimum-strength, Minimum-length,
and Blocklist Requirements","Joshua Tan, Lujo Bauer, Nicolas Christin, and Lorrie Faith Cranor",0,CCS,2020,https://dl.acm.org/doi/pdf/10.1145/3372297.3417882,1,3,2,0,1,1,1,1,4,1,-1,"PGS3 NN - RNN, LSTM",2,2
124,RTFM! Automatic Assumption Discovery and Verification Derivation from Library Document for API Misuse Detection,"Tao Lv, Ruishi Li1, Yi Yang, Kai Chen, Xiaojing Liao, XiaoFeng Wang, Peiwei Hu, Luyi Xing",0,CCS,2020,https://dl.acm.org/doi/pdf/10.1145/3372297.3423360,1,3,0,1,1,0,0,0,7,1,-1,S-HAN (NN model),2,1
125,"Composite Backdoor Attack for Deep Neural Network by
Mixing Existing Benign Features",Junyu Lin; Lei Xu; Yingqi Liu; Xiangyu Zhang,0,CCS,2020,https://dl.acm.org/doi/pdf/10.1145/3372297.3423362,1,5,2,2,0,0,0,0,4,1,-1,DNN,2,2
126,Estimating g-Leakage via Machine Learning,Marco Romanelli; Konstantinos Chatzikokolakis; Catuscia Palamidessi; Pablo Piantanida,0,CCS,2020,https://dl.acm.org/doi/pdf/10.1145/3372297.3423363,1,1,0,0,1,0,0,0,3,1,0,"k-nn, ANN",2,2
129,"A Practical Approach for Taking Down
Avalanche Botnets Under Real-World Constraints","Victor Le Pochat, Tim Van hamme, Sourena Maroofi, Tom Van Goethem, Davy Preuveneers, Andrzej Duda, Wouter Joosen, and Maciej Korczyński",0,NDSS,2020,https://www.ndss-symposium.org/wp-content/uploads/2020/02/24161-paper.pdf,1,1,1,2,1,0,0,0,0,1,1,"Decision Tree,  Gradient Boosted Tree, Random Forest, SVM",2,2
130,"ABSynthe: Automatic Blackbox Side-channel
Synthesis on Commodity Microarchitectures","Ben Gras, Cristiano Giuffrida, Michael Kurth, Herbert Bos, and Kaveh Razavi",1,NDSS,2020,https://www.ndss-symposium.org/wp-content/uploads/2020/02/23018-paper.pdf,1,3,1,0,0,0,0,1,0,0,0,"Gaussian Naive Bayes (GNB) classifier, RNN",2,2
133,"CloudLeak: Large-Scale Deep Learning Models
Stealing Through Adversarial Examples","Honggang Yu, Kaichen Yang, Teng Zhang, Yun-Yun Tsai, Tsung-Yi Ho, Yier Jin",0,NDSS,2020,https://www.ndss-symposium.org/wp-content/uploads/2020/02/24178-paper.pdff,1,3,0,1,1,0,0,0,4,1,-1,DNN,2,2
135,"DEEPBINDIFF: Learning Program-Wide Code
Representations for Binary Diffing","Yue Duan, Xuezixiang Li, Jinghan Wang, and Heng Yin",0,NDSS,2020,https://www.ndss-symposium.org/wp-content/uploads/2020/02/24311-paper.pdf,1,1,2,0,0,0,0,0,7,0,-1,NLP TADW,2,2
138,"Encrypted DNS =⇒ Privacy?
A Traffic Analysis Perspective","Sandra Siby, Marc Juarez, Claudia Diaz, Narseo Vallina-Rodriguez, and Carmela Troncoso",0,NDSS,2020,https://www.ndss-symposium.org/wp-content/uploads/2020/02/24301-paper.pdf,1,1,0,0,1,0,1,1,7,-1,0,Random Forest,2,2
146,"On the Resilience of Biometric Authentication
Systems against Random Inputs","Benjamin Zi Hao Zhao, Hassan Jameel Asghar and Mohamed Ali Kaafar",3,NDSS,2020,https://www.ndss-symposium.org/wp-content/uploads/2020/02/24210-paper.pdf,1,1,0,2,0,0,0,0,7,1,-1,"SVM, RF",2,2
151,"When Malware is Packin’ Heat;
Limits of Machine Learning Classifiers Based on
Static Analysis Features","Hojjat Aghakhani, Fabio Gritti, Francesco Mecca, Martina Lindorfer, Stefano Ortolani, Davide Balzarotti, Giovanni Vigna, and Christopher Kruegel",1,NDSS,2020,https://www.ndss-symposium.org/wp-content/uploads/2020/02/24310-paper.pdf,1,1,2,0,0,0,0,0,7,1,-1,RF,2,2
152,"Withdrawing the BGP Re-Routing Curtain:
Understanding the Security Impact of BGP Poisoning via Real-World Measurements","Jared M. Smith, Kyle Birkeland, Tyler McDaniel, and Max Schuchard",0,NDSS,2020,https://www.ndss-symposium.org/wp-content/uploads/2020/02/24240-paper.pdf,1,1,0,0,0,0,0,0,7,0,-1,"4 models: 4-layer fullyconnected neural network, decision tree classifier, random
forest ensemble classifier, and support vector machine",1,1
177,HyCC: Compilation of Hybrid Protocols for Practical Secure Computation,"Niklas Büscher, Daniel Demmler, Stefan Katzenbeisser, David Kretzmer, Thomas Schneider",0,CCS,2018,https://dl.acm.org/doi/pdf/10.1145/3243734.3243786,1,1,2,0,0,1,1,1,4,1,-1,CNN,1,0
182,Measuring Information Leakage in Website Fingerprinting Attacks and Defenses,"Shuai Li, Huajun Guo, Nicholas Hopper",,CCS,2018,https://dl.acm.org/doi/pdf/10.1145/3243734.3243832,1,1,1,0,0,0,0,0,0,-1,0,KNN classifier,0,0
187,A Security Analysis of Honeywords,"Ding Wang, Haibo Cheng, Ping Wang, Jeff Yan, Xinyi Huang",0,NDSS,2018,https://www.ndss-symposium.org/wp-content/uploads/2018/02/ndss2018_02B-2_Wang_paper.pdf,1,1,2,1,1,1,1,1,1,1,-1,"PCFG, Markov",0,2
199,SquirRL: Automating Attack Analysis on Blockchain Incentive Mechanisms with Deep Reinforcement Learning,"Charlie Hou, Mingxun Zhou, Yan Ji, Phil Daian, Florian Tramer, Giulia Fanti, Ari Juels",0,NDSS,2021,https://www.ndss-symposium.org/wp-content/uploads/ndss2021_3C-4_24188_paper.pdf,1,1,1,0,0,0,0,0,4,1,-1,Reinforcement learning,2,2
212,Chunk-Level Password Guessing: Towards Modeling Refined Password Composition Representations,"Ming Xu, Chuanwang Wang, Jitao Yu, Junjie Zhang, Kai Zhang, Weili Han",0,CCS,2021,https://dl.acm.org/doi/pdf/10.1145/3460120.3484743,1,1,2,1,0,0,0,0,7,0,-1,"Markov, PCFG, LSTM",2,2
234,Predicting the Resilience of Obfuscated Code Against Symbolic Execution Attacks  via Machine Learning,"Sebastian Banescu, Technische, Christian Collberg, Alexander Pretschner",0,Usenix,2017,https://www.usenix.org/conference/usenixsecurity17/technical-sessions/presentation/banescu,1,1,2,0,0,1,1,1,1,1,-1,Regression Model + Feature Selection Algorithm. NN (Nesterov Accelerated Gradient for learning),0,0
235,Machine Learning Models that Remember Too Much,"Congzheng Song, Thomas Ristenpart, Vitaly Shmatikov",0,CCS,2017,https://acmccs.github.io/papers/p587-songA.pdf,1,3,2,1,0,0,0,0,1,1,-1,"CNN, RES, BOW",2,2
237,MagNet: a Two-Pronged Defense against Adversarial Examples,"Dongyu Meng, Hao Chen",0,CCS,2017,https://acmccs.github.io/papers/p135-mengA.pdf,1,3,1,0,1,1,1,1,1,0,-1,NN,2,2
244,Towards Evaluating the Robustness of Neural Networks,"Nicholas Carlini, David Wagner",0,S&P,2017,https://www.ieee-security.org/TC/SP2017/papers/518.pdf,1,3,2,0,1,1,1,1,1,4,-1,NN,1,2
245,Neural Nets Can Learn Function Type Signatures From Binaries,"Zheng Leong Chua, Shiqi Shen, Prateek Saxena, and Zhenkai Liang",0,Usenix,2017,https://www.usenix.org/conference/usenixsecurity17/technical-sessions/presentation/chua,1,1,2,0,0,1,1,1,1,1,-1,NN,2,2
250,MaMaDroid: Detecting Android Malware by Building Markov Chains of Behavioral Models,"Enrico Mariconti, Lucky Onwuzurike, Panagiotis Andriotis, Emiliano De Cristofaro, Gordon Ross, Gianluca Stringhini",0,CCS,2017,https://dl.acm.org/doi/10.1145/3313391,1,3,1,2,0,0,0,0,0,0,0,"1-NN, 3-NN, SVM",0,2
251,Enhanced Membership Inference Attacks against Machine Learning Models,"Hao Zhou, Xiapu Luo, Haoyu Wang, Haipeng Cai",1,CCS,2022,https://dl.acm.org/doi/abs/10.1145/3548606.3560675,1,1,2,0,0,0,0,0,4,1,-1,LiRa attack on unnamed ML models,1,2
255,Order-Disorder: Imitation Adversarial Attacks for Black-box Neural Ranking Models,"Jiawei Liu, Kaisong Song, Yangyang Kang, Changlong Sun, Wei Lu, Xiaozhong Liu, Di Tang, Xiaofeng Wang",1,CCS,2022,https://dl.acm.org/doi/abs/10.1145/3548606.3560683,1,1,2,0,1,0,0,1,7,1,-1,NN,1,2
256,Private and Reliable Neural Network Inference,"Nikola Jovanović, Marc Fischer, Samuel Steffen, Martin Vechev",0,CCS,2022,https://dl.acm.org/doi/10.1145/3548606.3560709,1,1,2,0,0,0,0,0,7,1,-1,NN,2,2
257,AI/ML for Network Security: The Emperor has no Clothes,"Arthur S. Jacobs, Roman Beltiukov, Walter Willinger, Ronaldo A. Ferreira, Arpit Gupta, Lisandro Z. Granville",1,CCS,2022,https://dl.acm.org/doi/10.1145/3548606.3560609,1,1,2,0,1,1,1,1,7,1,-1,Decision Tree,0,2
258,QuerySnout: Automating the Discovery of Attribute Inference Attacks against Query-Based Systems,"Ana-Maria Crețu, Florimond Houssiau, Antoine Cully, Yves-Alexandre de Montjoye",0,CCS,2022,https://dl.acm.org/doi/abs/10.1145/3548606.3560581,1,1,2,0,0,0,0,1,1,1,-1,Logistic Regression,1,2
261,LPGNet: Link Private Graph Networks for Node Classification,"Aashish Kolluri, Teodora Baluta, Bryan Hooi, Prateek Saxena",0,CCS,2022,https://dl.acm.org/doi/abs/10.1145/3548606.3560705,1,1,2,0,1,1,0,1,7,1,-1,New novel architecture: LPGNet,2,2
262,Membership Inference Attacks by Exploiting Loss Trajectory,"Yiyong Liu, Zhengyu Zhao, Michael Backes, Yang Zhang",0,CCS,2022,https://dl.acm.org/doi/10.1145/3548606.3560684,1,1,2,0,0,0,1,1,7,1,-1,NN,2,2
263,Membership Inference Attacks and Generalization: A Causal Perspective,"Teodora Baluta, Shiqi Shen, S. Hitarth, Shruti Tople, Prateek Saxena",1,CCS,2022,https://dl.acm.org/doi/10.1145/3548606.3560694,1,1,2,0,1,1,1,1,7,1,-1,NN,2,2
268,Model Orthogonalization: Class Distance Hardening in Neural Networks for Better Security,"Guanhong Tao, Yingqi Liu, Guangyu Shen, Qiuling Xu, Shengwei An, Zhuo Zhang, Xiangyu Zhang",0,S&P,2022,https://ieeexplore.ieee.org/document/9833688,1,1,1,2,0,0,0,0,7,0,-1,"NN, DNN",1,2
269,Model Stealing Attacks Against Inductive Graph Neural Networks,"Yun Shen, Xinlei He, Yufei Han, Yang Zhang",1,S&P,2022,https://ieeexplore.ieee.org/stamp/stamp.jsp?arnumber=9833607,1,1,2,2,0,0,1,1,7,1,-1,GNN,2,2
271,WTAGRAPH: Web Tracking and Advertising Detection using Graph Neural Networks,"Zhiju Yang, Weiping Pei, Monchu Chen, Chuan Yue",1,S&P,2022,https://ieeexplore.ieee.org/stamp/stamp.jsp?arnumber=9833670,1,1,2,0,0,0,1,1,1,1,-1,GNN,2,2
273,PICCOLO : Exposing Complex Backdoors in NLP Transformer Models,"Yingqi Liu, Guangyu Shen, Guanhong Tao, Shengwei An, Shiqing Ma, Xiangyu Zhang.",0,S&P,2022,https://ieeexplore.ieee.org/abstract/document/9833579,1,1,0,1,0,0,0,1,7,1,-1,NLP,1,2
274,BadCharacters: Imperceptible NLP Attacks ,"Nicholas Boucher, Ilia Shumailov, Ross Anderson, Nicolas Papernot",0,S&P,2022,https://ieeexplore.ieee.org/document/9833641,1,1,2,0,0,0,0,0,7,1,-1,NLP,0,2
275,Back to the drawing board: A critical evaluation of poisoning attacks on production federated learning,"Virat Shejwalkar, Amir Houmansadr, Peter Kairouz, Daniel Ramage",1,S&P,2022,https://ieeexplore.ieee.org/stamp/stamp.jsp?arnumber=9833647,1,1,1,0,0,1,1,0,7,1,-1,Federated Learning,1,2
297,SmartVerif: Push the Limit of Automation Capability of Verifying Security Protocols by Dynamic Strategies,Yan Xiong Cheng Su Wenchao Huang Fuyou Miao Wansen Wang and Hengyi Ouyang,0,Usenix,2020,https://www.usenix.org/system/files/sec20-xiong.pdf,1,1,1,1,0,0,0,0,0,-1,-1,DQN,0,2
302,Effective Attacks and Provable Defenses for Website Fingerprinting,Tao Wang; Xiang Cai; Rishab Nithyanand; Rob Johnson; Ian Goldberg,0,Usenix,2014,https://www.usenix.org/system/files/conference/usenixsecurity14/sec14-paper-wang-tao.pdf,1,3,0,2,0,0,0,0,4,1,-1,Support Vector Machine,1,2
306,ByteWeight: Learning to Recognize Functions in Binary Code,Tiffany Bao; Jonathan Burket; Maverick Woo; Rafael Turner; David Brumley,0,Usenix,2014,https://www.usenix.org/system/files/conference/usenixsecurity14/sec14-paper-bao.pdf,1,3,2,0,0,0,0,0,1,1,-1,Decision Tree,2,2
307,Gyrophone: Recognizing Speech From Gyroscope Signals,Yan Michalevsky; Dan Boneh; Gabi Nakibly,,Usenix,2014,https://www.usenix.org/system/files/conference/usenixsecurity14/sec14-paper-michalevsky.pdf,1,3,1,2,0,0,0,1,1,1,-1,Support Vector Machines,1,1
310,A Machine-learning Approach for Classifying and Categorizing Android Sources and Sinks,Eric Bodden; Siegfried Rasthofer; Steven Arzt,0,NDSS,2014,https://www.ndss-symposium.org/wp-content/uploads/2017/09/10_1_1.pdf,1,1,1,1,1,0,0,0,0,-1,0,Support Vector Machines,2,2
311,Drebin: Effective and Explainable Detection of Android Malware in Your Pocket,Daniel Arp; Michael Spreitzenbarth; Malte Hubner; Hugo Gascon; Konrad Rieck,1,NDSS,2014,https://www.ndss-symposium.org/wp-content/uploads/2017/09/11_3_1.pdf,1,5,0,1,0,0,0,0,1,1,-1,Support Vector Machine,1,2
316,AutoCog: Measuring the Description-to-permission Fidelity in Android Applications,Zhengyang Qu; Vaibhav Rastogi; Xinyi Zhang; Yan Chen; Tiantian Zhu; Zhong Chen,1,CCS,2014,https://dl.acm.org/doi/pdf/10.1145/2660267.2660287?casa_token=WJ1BUxZAuxAAAAAA:Mc7SgVHQmJ9xI6RxFrBZqmKuxVMpqBMoSu5dmeSrfIvFBbB4AGEq9NILyovEPxuZ7XfBdvE1JfLO,1,3,2,2,0,0,0,0,1,1,-1,Natural Language Processing,2,2
317,Practical Evasion of a Learning-Based Classifier: A Case Study,Nedim Srndic and Pavel Laskov,0,S&P,2014,https://ieeexplore.ieee.org/stamp/stamp.jsp?tp=&arnumber=6956565,1,1,2,0,1,0,0,1,1,1,-1,"Random Forests, Support Vector Machine",2,2
318,Doppelgänger Finder: Taking Stylometry To The Underground,Sadia Afroz; Aylin Caliskan-Islam; Ariel Stolerman; Rachel Greenstadt; Damon McCoy,0,S&P,2014,https://ieeexplore.ieee.org/stamp/stamp.jsp?tp=&arnumber=6956566,1,1,2,1,0,0,0,1,3,0,-1,Support Vector Machine,2,2
320,Effective Detection of Multimedia Protocol Tunneling using Machine Learning,"Diogo Barradas, Nuno Santos, and Luís Rodrigues",0,Usenix,2018,https://www.usenix.org/system/files/conference/usenixsecurity18/sec18-barradas.pdf,1,1,2,0,0,0,0,0,0,0,0,"Decision Tree, Random Forest, XGBoost",1,1
322,Polisis: Automated Analysis and Presentation of Privacy Policies Using Deep Learning,Hamza Harkous; Kassem Fawaz; Remi Lebret; Florian Schaub; Kang G. Shin; Karl Aberer,0,Usenix,2018,https://www.usenix.org/system/files/conference/usenixsecurity18/sec18-harkous.pdf,1,5,0,1,0,0,0,0,8,0,0,Convuluntional Neural Networks,2,2
323,Reading Thieves’ Cant: Automatically Identifying and Understanding Dark Jargons from Cybercrime Marketplaces,Kan Yuan; Haoran Lu; Xiaojing Liao; XiaoFeng Wang,0,Usenix,2018,https://www.usenix.org/system/files/conference/usenixsecurity18/sec18-yuan_0.pdf,1,1,2,0,1,0,0,1,1,1,-1,Neural Networks,2,2
324,Translation Leak-aside Buffer: Defeating Cache Side-channel Protections with TLB Attacks,Ben Gras; Kaveh Razavi; Herbert Bos; Cristiano Giuffrid,0,Usenix,2018,https://www.usenix.org/system/files/conference/usenixsecurity18/sec18-gras.pdf,1,3,2,0,0,0,0,1,0,-1,0,Support Vector Machine,0,1
329,FANCI : Feature-based Automated NXDomain Classification and Intelligence,Samuel Schuppen; Dominik Teubert; Patrick Herrmann,1,Usenix,2018,https://www.usenix.org/system/files/conference/usenixsecurity18/sec18-schuppen.pdf,1,3,1,2,0,0,0,0,4,0,-1,Random Forests and Support Vector Machines,2,2
331,When Does Machine Learning FAIL? Generalized Transferability for Evasion and Poisoning Attacks,Octavian Suciu; Radu Marginean; Yigitcan Kaya; Hal Daume III; Tudor Dumitras,0,Usenix,2018,https://www.usenix.org/system/files/conference/usenixsecurity18/sec18-suciu.pdf,1,1,1,2,0,0,0,0,4,1,-1,Convolutional neural network; Linear SVM; Random forest,1,2
333,A4NT: Author Attribute Anonymity by Adversarial Training of Neural Machine Translation,Rakshith Shetty; Bernt Schiele; Mario Fritz,0,Usenix,2018,https://www.usenix.org/system/files/conference/usenixsecurity18/sec18-shetty.pdf,1,3,1,0,1,0,0,0,1,1,-1,Neural Networks,2,2
335,Formal Security Analysis of Neural Networks using Symbolic Intervals,Shiqi Wang; Kexin Pei; Justin Whitehouse; Junfeng Yang; Suman Jana,0,Usenix,2018,https://www.usenix.org/system/files/conference/usenixsecurity18/sec18-wang_0.pdf,1,3,2,0,0,0,0,0,4,1,-1,Neural Networks,2,0
337,Automated Website Fingerprinting through Deep Learning,Vera Rimmer; Davy Preuveneers; Marc Juarez; Tom Van Goethem; Wouter Joosen,0,NDSS,2018,https://www.ndss-symposium.org/wp-content/uploads/2018/02/ndss2018_03A-1_Rimmer_paper.pdf,1,1,1,1,0,0,0,0,3,0,0,Deep neural network,2,2
342,K-means++ vs. Behavioral Biometrics: One Loop to Rule Them All,Parimarjan Negi; Prafull Sharma; Vivek Sanjay Jain; Bahman Bahmani,0,NDSS,2018,https://www.ndss-symposium.org/wp-content/uploads/2018/02/ndss2018_03B-2_Negi_paper.pdf,1,1,2,0,0,0,0,1,1,1,-1,K++-means clustering and Behavioral Biometrics,2,2
352,ABY3 : A Mixed Protocol Framework for Machine Learning,Payman Mohassel and Peter Rindal,0,CCS,2018,https://dl.acm.org/doi/pdf/10.1145/3243734.3243760?casa_token=pOWuKKVHyMYAAAAA:fGWL8KT5eaEmP_EmFHHA31-tqeEoQFvgBOr386UmNjUehvOcmV_N5wbmsJF7Eu3BUzXT43fwRlqt,1,3,2,2,0,0,0,0,0,-1,0,Linear Regression; Logistic Regression; Neural Networks; Inference,1,1
364,Pinto: Enabling Video Privacy for Commodity IoT Cameras,Hyunwoo Yu; Jaemin Lim; Kiyeon Kim; Suk-Bok Lee,0,CCS,2018,https://dl.acm.org/doi/pdf/10.1145/3243734.3243830,1,1,0,1,0,0,0,0,0,-1,0,Deep Learning,0,2
366,Secure Outsourced Matrix Computation and Application to Neural Networks,Xiaoqian Jiang; Miran Kim; Kristin Lauter; Yongsoo Song,1,CCS,2018,https://dl.acm.org/doi/pdf/10.1145/3243734.3243837,1,1,2,2,0,0,0,0,4,1,-1,Convolutional Neural Network,2,1
371,DeepCorr: Strong Flow Correlation Attacks on Tor Using Deep Learning,Milad Nasr; Alireza Bahramali; Amir Houmansadr,0,CCS,2018,https://dl.acm.org/doi/pdf/10.1145/3243734.3243824,1,3,1,0,0,0,0,1,1,1,-1,Deep Learnning; Neural Networks,2,2
372,Privacy-Preserving Dynamic Learning of Tor Network Traffic,Rob Jansen; Matthew Traudt; Nicholas Hopper,,CCS,2018,https://dl.acm.org/doi/pdf/10.1145/3243734.3243815,1,1,2,0,0,0,1,1,1,1,-1,Hidden Markov Modeling,2,2
373,Deep Fingerprinting: Undermining Website Fingerprinting Defenses with Deep Learning,Payap Sirinam; Mohsen Imani; Marc Juarez; Matthew Wright,0,CCS,2018,https://dl.acm.org/doi/pdf/10.1145/3243734.3243768,1,1,2,0,0,0,0,1,1,1,-1,Convolutional Neural Network,2,2
387,High Precision Open-World Website Fingerprinting,Tao Wang,0,S&P,2020,https://xplorestaging.ieee.org/ielx7/9144328/9152199/09152806.pdf?arnumber=9152806,1,1,2,1,0,0,0,0,1,0,-1,"Scoring, SVM, knn, random forest, Neural Networks",1,2
388,HopSkipJumpAttack: A Query-Efficient Decision-Based Attack,Jianbo Chen; Michael I. Jordan; Martin J. Wainwright,1,S&P,2020,https://xplorestaging.ieee.org/ielx7/9144328/9152199/09152788.pdf?arnumber=9152788,1,1,2,2,0,0,0,0,4,1,-1,Random Forest,2,2
389,Intriguing Properties of Adversarial ML Attacks in the Problem Space,Fabio Pierazzi; Feargus Pendlebury; Jacopo Cortellazzi; Lorenzo Cavallaro,0,S&P,2020,https://xplorestaging.ieee.org/ielx7/9144328/9152199/09152781.pdf?arnumber=9152781,1,2,2,2,0,0,0,0,4,0,-1,Sec-SVM,2,2
399,SAVIOR: Securing Autonomous Vehicles with Robust Physical Invariants,Raul Quinonez; Luis Salazar; Erick Bauman; Alvaro Cardenas; Zhiqiang Lin,0,Usenix,2020,https://www.usenix.org/system/files/sec20-quinonez.pdf,1,1,2,1,0,0,0,0,0,-1,0,System Identifcation Algorith,1,0
418,FuzzGuard: Filtering out Unreachable Inputs in Directed Grey-box Fuzzing through Deep Learning,Peiyuan Zong; Tao Lv; Dawei Wang; Zizhuang Deng; Ruigang Liang; Kai Chen,0,Usenix,2020,https://www.usenix.org/system/files/sec20-zong.pdf,1,1,1,1,0,0,0,0,0,-1,1,Convolutional Neural Network,2,2
419,On Training Robust PDF Malware Classifiers,Yizheng Chen; Shiqi Wang; Dongdong She; Suman Jana,0,Usenix,2020,https://www.usenix.org/system/files/sec20-chen-yizheng.pdf,1,1,2,0,1,0,0,0,1,1,-1,Neural Network,2,2
421,Montage: A Neural Network Language Model-Guided JavaScript Engine Fuzzer,Suyoung Lee; HyungSeok Han; Sang Kil Cha; Sooel Son,0,Usenix,2020,https://www.usenix.org/system/files/sec20-lee-suyoung.pdf,1,1,2,0,0,0,0,0,7,0,-1,Neural Networks,2,2
422,Devil’s Whisper: A General Approach for Physical Adversarial Attacks against Commercial Black-box Speech Recognition Devices,Yuxuan Chen; Xuejing Yuan; Jiangshan Zhang; Yue Zhao; Shengzhi Zhang; Kai Chen; XiaoFeng Wang,0,Usenix,2020,https://www.usenix.org/system/files/sec20-chen-yuxuan.pdf,1,1,2,0,1,0,0,0,8,0,0,Does not specify,0,2
425,Automatic Inference of Search Patterns for Taint-Style Vulnerabilities,"Fabian Yamaguchi, Alwin Maier, Hugo Gascon, Konrad Rieck",0,S&P,2015,https://doi.org/10.1109/SP.2015.54,1,1,0,0,0,0,0,0,0,-1,0,Clustering,2,0
426,GraphSC: Parallel Secure Computation Made Easy,"Kartik Nayak, Xiao Shaun Wang, Stratis Ioannidis, Udi Weinsberg, Nina Taft, Elaine Shi",0,S&P,2015,https://doi.org/10.1109/SP.2015.30,1,3,1,0,0,0,0,0,4,1,-1,Graph Based Algorithm,0,0
428,PowerSpy: Location Tracking Using Mobile Device Power Analysis,"Yan Michalevsky, Aaron Schulman, Gunaa Arumugam Veerapian, Dan Bonehy; Gabi Nakibly",0,Usenix,2015,https://www.usenix.org/system/files/conference/usenixsecurity15/sec15-paper-michalevsky.pdf,1,1,1,0,0,0,0,0,0,-1,0,Dynamic Time Warping,2,2
430,Sunlight: Fine-grained Targeting Detection at Scale with Statistical Confidence,"Mathias Lécuyer, Riley Spahn, Yannis Spiliopolous, Augustin Chaintreau, Roxana Geambasu, Daniel J. Hsu",0,CCS,2015,https://doi.org/10.1145/2810103.2813614,1,1,2,2,0,0,0,0,7,1,-1,Unspecified Classification and Regression Methods,0,2
431,Towards Making Systems Forget with Machine Unlearning,"Yinzhi Cao, Junfeng Yang",0,S&P,2015,https://doi.org/10.1109/SP.2015.35,1,5,1,0,0,0,0,0,4,1,-1,Adaptive SQ Learning,2,2
450,A Lightweight IoT Cryptojacking Detection Mechanism in Heterogeneous Smart Home Networks,"Ege Tekiner, Abbas Acar, A. Selcuk Uluagac",0,NDSS,2022,https://www.ndss-symposium.org/ndss-paper/auto-draft-196/,1,1,2,1,1,1,1,0,7,0,-1,"Logreg,KNN,SVM,RF",2,0
454,Auditing Membership Leakages of Multi-Exit Networks,"Zheng Li, Yiyong Liu, Xinlei He, Ning Yu, Michael Backes, Yang Zhang",1,CCS,2022,https://doi.org/10.1145/3548606.3559359,1,8,0,0,0,0,0,0,0,0,0,MLP,2,2
455,BadEncoder: Backdoor Attacks to Pre-trained Encoders in Self-Supervised Learning,"Jinyuan Jia, Yupei Liu, Neil Zhenqiang Gong",0,S&P,2022,https://doi.org/10.1109/SP46214.2022.9833644,1,1,2,0,0,0,0,0,1,1,-1,"Image Encoder, Neural Network, MLP",0,0
456,Binoculars: Contention-Based Side-Channel Attacks Exploiting the Page Walker,"Zirui Neil Zhao, Adam Morrison, Christopher W. Fletcher and Josep Torrellas",0,Usenix,2022,https://www.usenix.org/system/files/sec22-zhao-zirui.pdf,1,1,2,1,0,0,1,1,7,0,-1,random forest classifier,1,2
458,Clues in Tweets: Twitter-Guided Discovery and Analysis of SMS Spam,"Siyuan Tang, Xianghang Mi, Ying Li, XiaoFeng Wang, Kai Chen",0,CCS,2022,https://doi.org/10.1145/3548606.3559351,1,1,2,1,1,0,1,1,1,0,-1,NN,2,2
459,DEEPCASE: Semi-Supervised Contextual Analysis of Security Events,"Thijs van Ede, Hojjat Aghakhani, Noah Spahn, Riccardo Bortolameotti, Marco Cova, Andrea Continella, Maarten van Steen, Andreas Peter, Christopher Kruegel, Giovanni Vigna",1,S&P,2022,https://doi.org/10.1109/SP46214.2022.9833671,1,1,2,2,0,1,1,1,3,0,-1,"NN, NLP",2,2
460,DeepCoFFEA: Improved Flow Correlation Attacks on Tor via Metric Learning and Amplification,"Se Eun Oh, Taiji Yang, Nate Mathews, James K. Holland, Mohammad Saidur Rahman, Nicholas Hopper, Matthew Wright",0,S&P,2022,https://doi.org/10.1109/SP46214.2022.9833801,1,1,2,0,0,1,1,1,1,0,-1,"kNN, cosine similarity, CNN",1,0
461,DeepSteal: Advanced Model Extractions Leveraging Efficient Weight Stealing in Memories,"Adnan Siraj Rakin, Md Hafizul Islam Chowdhuryy, Fan Yao, Deliang Fan",0,S&P,2022,https://doi.org/10.1109/SP46214.2022.9833743,1,1,1,1,0,1,1,1,4,0,-1,DNN,0,0
464,DRAWN APART: A Device Identification Technique based on Remote GPU Fingerprinting,"Tomer Laor, Naif Mehanna, Antonin Durey, Vitaly Dyadyuk, Pierre Laperdrix, Clémentine Maurice, Yossi Oren, Romain Rouvoy, Walter Rudametkin, Yuval Yarom",0,NDSS,2022,https://www.ndss-symposium.org/ndss-paper/auto-draft-242/,1,1,1,1,0,1,1,1,1,0,-1,kNN,0,0
468,Goshawk: Hunting Memory Corruptions via Structure-Aware and Object-Centric Memory Operation Synopsis,"Yunlong Lyu, Yi Fang, Yiwei Zhang, Qibin Sun, Siqi Ma, Elisa Bertino, Kangjie Lu, Juanru Li",0,S&P,2022,https://doi.org/10.1109/SP46214.2022.9833613,1,1,2,2,0,0,1,1,1,0,-1,NLP,2,2
469,Hark: A Deep Learning System for Navigating Privacy Feedback at Scale,"Hamza Harkous, Sai Teja Peddinti, Rishabh Khandelwal, Animesh Srivastava, Nina Taft",2,S&P,2022,https://doi.org/10.1109/SP46214.2022.9833729,1,1,0,0,0,0,0,0,0,0,0,NLP,2,2
470,Harnessing Perceptual Adversarial Patches for Crowd Counting,"Shunchang Liu, Jiakai Wang, Aishan Liu, Yingwei Li, Yijie Gao, Xianglong Liu, Dacheng Tao",1,CCS,2022,https://doi.org/10.1145/3548606.3560566,1,1,1,0,1,0,1,1,0,-1,0,"CNN, ResNet, CAN, BL, DM-Count, SASNet",1,2
475,On the Privacy Risks of Cell-Based NAS Architectures,"Hai Huang, Zhikun Zhang, Yun Shen, Michael Backes, Qi Li, Yang Zhang",1,CCS,2022,https://doi.org/10.1145/3548606.3560619,1,1,2,0,0,0,0,0,4,0,-1,,0,1
480,Phishing URL Detection: A Network-based Approach Robust to Evasion,"Taeri Kim, Noseong Park, Jiwon Hong, Sang-Wook Kim",0,CCS,2022,https://doi.org/10.1145/3548606.3560615,1,1,1,1,0,0,0,0,3,0,-1,"GCN, NLP",1,1
483,Reconstructing Training Data with Informed Adversaries,"Borja Balle, Giovanni Cherubin, Jamie Hayes",3,S&P,2022,https://doi.org/10.1109/SP46214.2022.9833677,1,1,0,1,0,0,1,1,4,0,-1,PCA,0,1
484,SHADEWATCHER: Recommendation-guided Cyber Threat Analysis using System Audit Records,"Jun Zeng, Xiang Wang, Jiahao Liu, Yinfang Chen, Zhenkai Liang, Tat-Seng Chua, Zheng Leong Chua",1,S&P,2022,https://doi.org/10.1109/SP46214.2022.9833669,1,1,2,2,0,0,0,0,1,0,-1,Graph Neural Network,2,2
490,Targeted Deanonymization via the Cache Side Channel: Attacks and Defenses,Mojtaba Zaheri Yossi Oren and Reza Curtmola,0,Usenix,2022,https://www.usenix.org/system/files/sec22-zaheri.pdf,1,1,2,1,0,0,0,0,1,0,,LSTM,2,1
491,"The Closer You Look, The More You Learn: A Grey-box Approach to Protocol State Machine Learning","Chris McMahon Stone, Sam L. Thomas, Mathy Vanhoef, James Henderson, Nicolas Bailluet, Tom Chothia",1,CCS,2022,https://doi.org/10.1145/3548606.3559365,1,1,2,1,0,0,0,0,1,0,-1,State ML,0,0
496,Exposing the Rat in the Tunnel: Using Traffic Analysis for Tor-based Malware Detection,"Priyanka Dodia, Mashael AlSabah, Omar Alrawi, Tao Wang",0,CCS,2022,https://dl.acm.org/doi/pdf/10.1145/3548606.3560604,1,1,2,0,0,0,0,0,1,0,-1,"Supervised Classifier, FPR, Auto ML, Neural Networks, LightGBN, CatBoost, XGBoost, Random Forest, ExtraTrees, KNN, Logistic Regression, Tabular Neural Networks",0,2
502,Stealing Machine Learning Models via Prediction APIs,"Florian Tramèr, Fan Zhang, Ari Juels, Michael K. Reiter, Thomas Ristenpart",0,Usenix,2016,https://www.usenix.org/system/files/conference/usenixsecurity16/sec16_paper_tramer.pdf,1,1,1,1,0,0,0,0,-1,0,0,"Decision Tree, Binary Logistic Regression, Neural Networks",2,2
512,Efficient Private Statistics with Succinct Sketches,"Luca Melis, George Danezis, and Emiliano De Cristofaro",0,NDSS,2016,https://www.ndss-symposium.org/wp-content/uploads/2017/09/efficient-private-statistics-with-succinct-sketches.pdf,1,3,2,2,0,0,0,0,0,0,0,"KNN, Exponential Weighted Moving Average (EWMA)",0,1
518,Increasing Adversarial Uncertainty to Scale Private Similarity Testing,"Yiqing Hua, Armin Namavari, Kaishuo Cheng, Mor Naaman, Thomas Ristenpart",0,Usenix,2022,https://www.usenix.org/system/files/sec22-hua.pdf,1,1,1,2,0,0,1,1,1,0,-1,"Bayes, AUC-ROC",2,2
521,Lumos: Identifying and Localizing Diverse Hidden IoT Devices in an Unfamiliar Environment,"Rahul Anand Sharma, Elahe Soltanaghaei, Anthony Rowe, Vyas Sekar",0,Usenix,2022,https://www.usenix.org/system/files/sec22-sharma-rahul.pdf,1,1,0,1,0,0,0,0,0,0,0,Classifier,0,1
522,ML-Doctor: Holistic Risk Assessment of Inference Attacks Against Machine Learning Models,"Yugeng Liu, Rui Wen, Xinlei He, Ahmed Salem, Zhikun Zhang, and Michael Backes, Emiliano De Cristofaro, Mario Fritz and Yang Zhang",0,Usenix,2022,https://www.usenix.org/system/files/sec22-liu-yugeng.pdf,1,5,2,1,0,0,0,0,4,0,-1,"CNN, image classification",2,2
526,Rendering Contention Channel Made Practical in Web Browsers,"Shujiang Wu, Jianjia Yu, Min Yang, Yinzhi Cao",0,Usenix,2022,https://www.usenix.org/system/files/sec22-wu-shujiang.pdf,1,1,2,1,0,0,0,0,7,0,-1,"DNN, CNN, classifiication",1,0
539,Hiding in Plain Sight? On the Efficacy of Power Side Channel-Based Control Flow Monitoring ,"Yi Han, Matthew Chan, Zahra Aref, Nils Ole Tippenhauer, Saman Zonouz",0,Usenix,2022,https://www.usenix.org/system/files/sec22-han.pdf,1,1,2,2,0,0,0,0,0,0,0,"Neural Networks (BiLSTM), RNN (BiRNN), Markov (HMM)",1,1
544,Automated Side Channel Analysis of Media Software with Manifold Learning ,"Yuanyuan Yuan, Qi Pang, and Shuai Wang",0,Usenix,2022,https://www.usenix.org/system/files/sec22-yuan-yuanyuan.pdf,1,1,2,0,1,0,0,0,7,0,-1,"Deep Neural Networks, CNN",2,2
545,FOAP: Fine-Grained Open-World Android App Fingerprinting,"Jianfeng Li, Hao Zhou, Shuohan Wu, Xiapu Luo, Ting Wang, Xian Zhan, Xiaobo Ma",0,Usenix,2022,https://www.usenix.org/system/files/sec22-li-jianfeng.pdf,1,1,1,1,1,1,0,0,2,0,-1,Random Forest,2,2
546,SkillDetective: Automated Policy-Violation Detection of Voice Assistant Applications in the Wild,"Jeffrey Young, Song Liao, and Long Cheng, Hongxin Hu, Huixing Deng",0,Usenix,2022,https://www.usenix.org/system/files/sec22-young.pdf,1,1,2,2,0,0,0,0,7,0,-1,FNN,1,1
547,Hand Me Your PIN! Inferring ATM PINs of Users Typing with a Covered Hand,"Matteo Cardaioli, Stefano Cecconello, Mauro Conti, Simone Milani, Stjepan Picek, Eugen Saraci",0,Usenix,2022,https://www.usenix.org/system/files/sec22-cardaioli.pdf,1,1,0,0,0,0,0,0,1,0,-1,"CNN, LRCM, LSTM",1,2
552,Cheetah: Lean and Fast Secure Two-Party Deep Neural Network Inference,"Zhicong Huang, Wen-jie Lu, Cheng Hong, and Jiansheng Ding",3,Usenix,2022,https://www.usenix.org/system/files/sec22-huang-zhicong.pdf,1,3,2,1,0,1,1,0,4,0,-1,"Neural Networks, DNN",1,0
553,Inferring Phishing Intention via Webpage Appearance and Dynamics: A Deep Vision Based Approach,"Ruofan Liu, Yun Lin, Xianglin Yang, Siang Hwee Ng, Dinil Mon Divakaran, Jin Song Dong",1,Usenix,2022,https://www.usenix.org/system/files/sec22-liu-ruofan.pdf,1,1,2,1,0,0,1,1,7,0,-1,"R-CNN, object detection model, Siamese model",0,2
556,Khaleesi: Breaker of Advertising and Tracking Request Chains,"Umar Iqbal, Charlie Wolfe, Charles Nguyen, Steven Englehardt, Zubair Shafiq",1,Usenix,2022,https://www.usenix.org/system/files/sec22-iqbal.pdf,1,1,2,1,1,0,1,1,1,0,-1,Classification,0,2
557,DeepPhish: Understanding User Trust Towards Artificially Generated Profiles in Online Social Networks,"Jaron Mink, Licheng Luo, Natã M. Barbosa, Olivia Figueira, Yang Wang, Gang Wang",0,Usenix,2022,https://www.usenix.org/system/files/sec22-mink.pdf,1,1,1,0,0,0,0,0,0,0,0,StyleGAN2 (generative model),1,2
559,Leaky Forms: A Study of Email and Password Exfiltration Before Form Submission,"Asuman Senol, Gunes Acar, Mathias Humbert, Frederik Zuiderveen Borgesius",0,Usenix,2022,https://www.usenix.org/system/files/sec22-senol.pdf,1,1,2,0,0,0,0,0,1,0,-1,Classification,0,0
562,Transferring Adversarial Robustness Through Robust Representation Matching,"Pratik Vaishnavi, Kevin Eykholt, Amir Rahmati",1,Usenix,2022,https://www.usenix.org/system/files/sec22-vaishnavi.pdf,1,1,2,0,1,0,0,0,4,0,-1,DNN,1,2
565,Membership Inference Attacks From First Principles,"Nicholas Carlini, Steve Chien, Milad Nasr, Shuang Song, Andreas Terzis, Florian Tram√®r",2,S&P,2022,https://doi.org/10.1109/SP46214.2022.9833649,1,1,2,0,0,0,0,0,4,0,-1,Neural Networks,0,0
567,Who Are You (I Really Wanna Know)? Detecting Audio DeepFakes Through Vocal Tract Reconstruction,"Logan Blue, Kevin Warren, Hadi Abdullah, Cassidy Gibson, Luis Vargas, Jessica O’Dell, Kevin Butler, and Patrick Traynor",0,Usenix,2022,https://www.usenix.org/system/files/sec22-blue.pdf,1,1,1,1,0,0,0,0,5,0,-1,,0,1
568,Are Your Sensitive Attributes Private? Novel Model Inversion Attribute Inference Attacks on Classification Models,"Shagufta Mehnaz, Sayanton V. Dibbo, Ehsanul Kabir, Ninghui Li, Elisa Bertino",0,Usenix,2022,https://www.usenix.org/system/files/sec22-mehnaz.pdf,1,1,2,0,1,1,1,1,7,0,-1,"DNN, Decision Tree",0,1
569,How Machine Learning Is Solving the Binary Function Similarity Problem,"Andrea Marcelli, Mariano Graziano, Xabier Ugarte-Pedrero, Yanick Fratantonio, Mohamad Mansouri, Davide Balzarotti",3,Usenix,2022,https://www.usenix.org/system/files/sec22-marcelli.pdf,1,1,2,0,0,0,0,0,7,0,0,"Bayesian Networks, CNN, Graph Matching Networks (GMN), FNN, NLP",1,2
571,Blacklight: Scalable Defense for Neural Networks against Query-Based Black-Box Attacks,"Huiying Li, Shawn Shan, Emily Wenger, Jiayun Zhang, Haitao Zheng, Ben Y. Zhao",0,Usenix,2022,https://www.usenix.org/system/files/sec22-li-huiying.pdf,1,1,1,1,0,0,1,3,4,0,-1,DNN,0,1
574,Teacher Model Fingerprinting Attacks Against Transfer Learning,"Yufei Chen, Chao Shen, Cong Wang, Yang Zhang",0,Usenix,2022,https://www.usenix.org/system/files/sec22-chen-yufei.pdf,1,1,1,0,1,0,0,0,4,1,-1,Teacher/Student Models,1,2
576,Piranha: A GPU Platform for Secure Computation,"Jean-Luc Watson, Sameer Wagh, and Raluca Ada Popa",0,Usenix,2022,https://www.usenix.org/system/files/sec22-watson.pdf,1,1,2,0,0,0,0,0,4,0,-1,Neural Networks,1,1
578,DnD: A Cross-Architecture Deep Neural Network Decompiler,"Ruoyu Wu, Taegyu Kim, Dave (Jing) Tian, Antonio Bianchi, Dongyan Xu",0,Usenix,2022,https://www.usenix.org/system/files/sec22-wu-ruoyu.pdf,1,2,0,1,0,0,0,0,4,0,-1,DNN,2,2
580,Membership Inference Attacks and Defenses in Neural Network Pruning,"Xiaoyong Yuan, Lan Zhang",0,Usenix,2022,https://www.usenix.org/system/files/sec22-yuan-xiaoyong.pdf,1,1,2,1,0,0,0,0,7,1,-1,DNN,1,1
584,HARPO: Learning to Subvert Online Behavioral Advertising,"Jiang Zhang, Konstantinos Psounis, Muhammad Haroon, Zubair Shafiq",0,NDSS,2022,https://www.ndss-symposium.org/wp-content/uploads/2022-62-paper.pdf,1,3,0,1,0,0,0,0,4,0,-1,"DNN, CNN",0,0
588,EULER: Detecting Network Lateral Movement via Scalable Temporal Link Prediction,"Isaiah J. King, H. Howie Huang",0,NDSS,2022,https://www.ndss-symposium.org/wp-content/uploads/2022-107A-paper.pdf,1,1,1,0,0,0,0,0,4,0,-1,"RNN, GNN",1,1
591,MIRROR: Model Inversion for Deep Learning Network with High Fidelity,"Shengwei An, Guanhong Tao, Qiuling Xu, Yingqi Liu, Guangyu Shen, Yuan Yao, Jingwei Xu, Xiangyu Zhang",0,NDSS,2022,https://www.ndss-symposium.org/wp-content/uploads/2022-335-paper.pdf,1,1,1,0,0,0,1,1,4,0,-1,"StyleGAN, GAN",0,1
592,What You See is Not What the Network Infers: Detecting Adversarial Examples Based on Semantic Contradiction,"Yijun Yang, Ruiyuan Gao, Yu Li, Qiuxia Lai, Qiang Xu",0,NDSS,2022,https://www.ndss-symposium.org/wp-content/uploads/2022-1-paper.pdf,1,1,2,0,1,0,0,0,1,0,-1,DNN,1,2
593,RamBoAttack: A Robust Query Efficient Deep Neural Network Decision Exploit,"Viet Quoc Vo, Ehsan Abbasnejad, Damith C. Ranasinghe ",0,NDSS,2022,https://www.ndss-symposium.org/wp-content/uploads/2022-200-paper.pdf,1,1,2,0,0,0,0,0,4,0,-1,DNN,2,1
597,FARE: Enabling Fine-grained Attack Categorization under Low-quality Labeled Data,"Junjie Liang, Wenbo Guo, Tongbo Luo, Vasant Honavar, Gang Wang, Xinyu Xing",1,NDSS,2021,https://www.ndss-symposium.org/wp-content/uploads/ndss2021_5C-4_24403_paper.pdf,1,1,1,0,1,1,1,1,1,1,-1,"Clustering (K Means, DBSCAN, DEC, DAGMM), unsupervised ML, ensemble model",2,2
598,CV-INSPECTOR: Towards Automating Detection of Adblock Circumvention,"Hieu Le, Athina Markopoulou, Zubair Shafiq",0,NDSS,2021,https://www.ndss-symposium.org/wp-content/uploads/ndss2021_7C-1_24055_paper.pdf,1,3,1,2,1,1,1,1,2,0,0,None,0,0
602,Reducing Bias in Modeling Real-world Password Strength via Deep Learning and Dynamic Dictionaries,"Dario Pasquini, Marco Cianfriglia, Giuseppe Ateniese, Massimo Bernaschi",0,Usenix,2021,https://www.usenix.org/system/files/sec21-pasquini.pdf,1,1,2,0,0,1,1,1,1,0,-1,"DNN, multi-label classification",2,2
604,T-Miner: A Generative Approach to Defend Against Trojan Attacks on DNN-based Text Classification,"Ahmadreza Azizi, Ibrahim Asadullah Tahmid, Asim Waheed, Neal Mangaokar, Jiameng Pu, Mobin Javed, Chandan K. Reddy, Bimal Viswanath",,Usenix,2021,https://www.usenix.org/conference/usenixsecurity21/presentation/azizi,1,1,2,0,1,0,0,0,1,0,-1,"DNN (LSTM, Bi-LSTM, Transformer)",2,0
605,CADE: Detecting and Explaining Concept Drift Samples for Security Applications,"Limin Yang, Wenbo Guo, Qingying Hao, Arridhana Ciptadi, Ali Ahmadzadeh, Xinyu Xing, Gang Wang",1,Usenix,2021,https://www.usenix.org/system/files/sec21-yang-limin.pdf,1,1,2,0,1,1,1,1,1,0,-1,supervised learning/classifier,1,1
607,SyzVegas: Beating Kernel Fuzzing Odds with Reinforcement Learning,"Daimeng Wang, Zheng Zhang, Hang Zhang, Zhiyun Qian, Srikanth V. Krishnamurthy, Nael Abu-Ghazaleh",0,Usenix,2021,https://www.usenix.org/conference/usenixsecurity21/presentation/wang-daimeng,1,1,0,2,0,0,0,0,-1,-1,-1,reinforcement-learning,-1,0
608,ATLAS: A Sequence-based Learning Approach for Attack Investigation,"Abdulellah Alsaheel, Yuhong Nan, Shiqing Ma, Le Yu, Gregory Walkup, Z. Berkay Celik, Xiangyu Zhang, Dongyan Xu",0,Usenix,2021,https://www.usenix.org/conference/usenixsecurity21/presentation/alsaheel,1,1,2,0,0,0,0,0,1,0,-1,LSTM,0,0
609,ELISE: A Storage Efficient Logging System Powered by Redundancy Reduction and Representation Learning,"Hailun Ding, Shenao Yan, Juan Zhai, and Shiqing Ma",0,Usenix,2021,https://www.usenix.org/conference/usenixsecurity21/presentation/ding,1,1,1,1,0,0,0,0,3,0,0,DNN,1,1
610,DeepReflect: Discovering Malicious Functionality through Binary Reconstruction,"Evan Downing, Yisroel Mirsky, Kyuhong Park, Wenke Lee",0,Usenix,2021,https://www.usenix.org/conference/usenixsecurity21/presentation/downing,1,1,1,2,0,0,0,0,2,0,0,Autoencoder/neural networks,1,2
612,Compromised or Attacker-Owned: A Large Scale Classification and Study of Hosting Domains of Malicious URLs,"Ravindu De Silva, Mohamed Nabeel, Charith Elvitigala, Issa Khalil, Ting Yu, Chamath Keppitiyagama",0,Usenix,2021,https://www.usenix.org/conference/usenixsecurity21/presentation/desilva,1,1,0,0,0,1,1,1,1,0,-1,"support vector classification, random forest, extra tree, logistic regression, decision tree, gradient boosting, ada boosting, K-neighbors",0,1
613,Phishpedia: A Hybrid Deep Learning Based Approach to Visually Identify Phishing Webpages,"Yun Lin, Ruofan Liu, Dinil Mon Divakaran, Jun Yang Ng, Qing Zhou Chan, Yiwen Lu, Yuxuan Si, Fan Zhang, Jin Song Dong",0,Usenix,2021,https://www.usenix.org/conference/usenixsecurity21/presentation/lin,1,1,1,0,0,1,1,1,1,0,-1,"object detection, transfer-learning based Siamese model",0,1
620,SmarTest: Effectively Hunting Vulnerable Transaction Sequences in Smart Contracts through Language Model-Guided Symbolic Execution,"Sunbeom So, Seongjoon Hong, Hakjoo Oh",0,Usenix,2021,https://www.usenix.org/system/files/sec21-so.pdf,1,1,1,1,0,0,0,0,1,0,-1,NLP,2,2
621,Explanation-Guided Backdoor Poisoning Attacks Against Malware Classifiers,"Giorgio Severi, Jim Meyer, Scott Coull, Alina Oprea",2,Usenix,2021,https://www.usenix.org/system/files/sec21-severi.pdf,1,1,1,0,0,1,1,1,4,1,-1,LightGBM,2,2
622,Blind Backdoors in Deep Learning Models,"Eugene Bagdasaryan, Vitaly Shmatikov",0,Usenix,2021,https://www.usenix.org/system/files/sec21-bagdasaryan.pdf,1,1,1,0,1,0,0,0,4,1,-1,ImageNet,2,2
628,Finding Bugs Using Your Own Code: Detecting Functionally-similar yet Inconsistent Code,"Mansour Ahmadi, Reza Mirzazade Farkhani, Ryan Williams, and Long Lu",0,Usenix,2021,https://www.usenix.org/system/files/sec21-ahmadi.pdf,1,1,2,0,0,0,0,0,0,0,0,"Clustering, graph2vec",0,0
629,GForce: GPU-Friendly Oblivious and Rapid Neural Network Inference,Lucien K. L. Ng and Sherman S. M. Chow,0,Usenix,2021,https://www.usenix.org/system/files/sec21-ng.pdf,1,3,1,0,1,1,1,1,0,0,0,DNN,0,1
634,Cost-Aware Robust Tree Ensembles for Security Applications,"Yizheng Chen, Shiqi Wang, Weifan Jiang, Asaf Cidon, and Suman Jana",0,Usenix,2021,https://www.usenix.org/system/files/sec21-chen-yizheng.pdf,1,1,1,0,1,1,1,1,1,1,-1,Random Forest,2,2
636,SLAP: Improving Physical Adversarial Examples with Short-Lived Adversarial Perturbations,"Giulio Lovisotto, Henry Turner, and Ivo Sluganovic, Martin Strohmeier, Ivan Martinovic",0,Usenix,2021,https://www.usenix.org/system/files/sec21-lovisotto.pdf,1,1,2,0,1,1,1,2,0,0,0,"Lisa-CNN, Gtsrb-CNN",2,2
637,Adversarial Policy Training against Deep Reinforcement Learning,"Xian Wu, Wenbo Guo, Hua Wei, and Xinyu Xing",0,Usenix,2021,https://www.usenix.org/system/files/sec21-wu-xian.pdf,1,1,2,0,1,0,0,0,1,1,-1,Reinforcement Learning,2,2
640,Entangled Watermarks as a Defense against Model Extraction,"Hengrui Jia and Christopher A. Choquette-Choo, Varun Chandrasekaran, Nicolas Papernot",0,Usenix,2021,https://www.usenix.org/system/files/sec21-jia.pdf,1,1,2,0,0,1,1,1,4,1,-1,ResNet,2,2
643,Systematic Evaluation of Privacy Risks of Machine Learning Models,Liwei Song and Prateek Mittal,0,Usenix,2021,https://www.usenix.org/system/files/sec21-song.pdf,1,1,1,0,1,2,0,0,1,1,-1,"DenseNet, AlexNet, ResNet, Wide ResNet, VGG",1,0
648,Defeating DNN-Based Traffic Analysis Systems in Real-Time With Blind Adversarial Perturbations,"Milad Nasr, Alireza Bahramali, and Amir Houmansadr",0,Usenix,2021,https://www.usenix.org/system/files/sec21-nasr.pdf,1,1,1,2,0,0,0,0,1,1,-1,DNN,1,1
649,Cerebro: A Platform for Multi-Party Cryptographic Collaborative Learning,"Wenting Zheng, Ryan Deng, Weikeng Chen, and Raluca Ada Popa, Aurojit Panda, Ion Stoica",0,Usenix,2021,https://www.usenix.org/system/files/sec21-zheng.pdf,1,1,2,2,0,0,0,0,0,0,0,"Decision Trees, ADMM",0,0
650,Dirty Road Can Attack: Security of Deep Learning based Automated Lane Centering under Physical-World Attack,"Takami Sato, Junjie Shen, and Ningfei Wang, Yunhan Jia, Xue Lin,  Qi Alfred Chen",1,Usenix,2021,https://www.usenix.org/system/files/sec21-sato.pdf,1,1,2,0,1,1,1,1,1,1,-1,DNN,0,0
653,SiamHAN: IPv6 Address Correlation Attacks on TLS Encrypted Traffic via Siamese Heterogeneous Graph Attention Network,"Tianyu Cui, Gaopeng Gou, Gang Xiong, Zhen Li, Mingxin Cui, and Chang Liu",0,Usenix,2021,https://www.usenix.org/system/files/sec21-cui.pdf,1,3,1,1,1,1,1,1,1,1,-1,Siamese Networks,0,2
655,To Err.Is Human: Characterizing the Threat of Unintended URLs in Social Media,"Beliz Kaleli Boston, Brian Kondracki, Manuel Egele, Nick Nikiforakis, Gianluca Stringhini",0,NDSS,2021,https://www.ndss-symposium.org/wp-content/uploads/ndss2021_3A-4_24322_paper.pdf,1,4,0,2,1,0,0,0,0,0,0,"SVM (final), evaluated KNN, RFC",1,1
664,Evading Voltage-Based Intrusion Detection on Automotive CAN,"Rohit Bhatia, Vireshwar Kumar, Khaled Serag, Z. Berkay Celik, Mathias Payer and Dongyan Xu",0,NDSS,2021,https://www.ndss-symposium.org/wp-content/uploads/ndss2021_6B-1_23013_paper.pdf,1,6,0,2,0,0,0,0,0,0,0,Logistic Regression,0,2
666,FLTrust: Byzantine-robust Federated Learning via Trust Bootstrapping,"Xiaoyu Cao, Minghong Fang, Jia Liu, Neil Zhenqiang Gong",0,NDSS,2021,https://www.ndss-symposium.org/wp-content/uploads/ndss2021_6C-2_24434_paper.pdf,1,5,2,2,0,0,0,0,4,1,-1,"CNN, Logistic Regression",1,0
667,Manipulating the Byzantine: Optimizing Model Poisoning Attacks and Defenses for Federated Learning,"Virat Shejwalkar, Amir Houmansadr",0,NDSS,2021,https://www.ndss-symposium.org/wp-content/uploads/ndss2021_6C-3_24498_paper.pdf,1,3,0,0,0,0,0,0,4,1,-1,"AlexNet, VGG11",0,1
669,FlowLens: Enabling Efficient Flow Classification for ML-based Network Security Applications,"Diogo Barradas, Nuno Santos, Lu ́ıs Rodrigues, Salvatore Signorello, Fernando M. V. Ramos, Andre ́ Madeira",0,NDSS,2021,https://www.ndss-symposium.org/wp-content/uploads/ndss2021_7C-2_24067_paper.pdf,1,1,1,0,1,0,0,0,4,1,-1,"NB, XGBoost, RFC",0,0
670,Trust the Crowd: Wireless Witnessing to Detect Attacks on ADS-B-Based Air-Traffic Surveillance,"Kai Jansen, Liang Niu, Nian Xue, Ivan Martinovic, Christina Pöpper",0,NDSS,2021,https://www.ndss-symposium.org/wp-content/uploads/ndss2021_1A-5_24552_paper.pdf,1,1,0,0,0,0,0,0,2,0,-1,Decision Trees,1,0
671,"XDA: Accurate, Robust Disassembly with Transfer Learning","Kexin Pei, Jonas Guan, David Williams-King, Junfeng Yang, Suman Jana",0,NDSS,2021,https://www.ndss-symposium.org/wp-content/uploads/ndss2021_1B-3_23112_paper.pdf,1,1,2,0,1,0,1,1,4,1,-1,Masked-Language Model,2,2
681,Dissecting Click Fraud Autonomy in the Wild,"Tong Zhu, Yan Meng, Haotian Hu, Xiaokuan Zhang, Minhui Xue, Haojin Zhu",0,CCS,2021,https://dl.acm.org/doi/pdf/10.1145/3460120.3484546,1,4,1,2,0,0,0,0,0,0,0,VAE,0,0
687,TSS: Transformation-Specific Smoothing for Robustness Certification,"Linyi Li, Maurice Weber, Xiajun Xu, Luka Rimanic, Bhavya Kailkhura, Tao Xie, Ce Zhang, Bo Li",,CCS,2021,https://dl.acm.org/doi/pdf/10.1145/3460120.3485258,1,1,2,0,0,1,1,1,4,1,-1,CNN,1,1
691,Quantifying and Mitigating Privacy Risks of Contrastive Learning,Xinlei He and Yang Zhang,0,CCS,2021,https://dl.acm.org/doi/pdf/10.1145/3460120.3484571,1,1,2,0,0,0,0,0,1,1,-1,3-Layer MLP,2,2
692,Membership Inference Attacks Against Recommender Systems,"Minxing Zhang, Zhaochun Ren, Zihan Wang, Pengjie Ren, Zhumin Chen, Pengfei Hu, Yang Zhang",0,CCS,2021,https://dl.acm.org/doi/pdf/10.1145/3460120.3484770,1,1,1,0,0,0,0,0,1,0,-1,2-Layer MLP,2,2
693,Membership Leakage in Label-Only Exposures,Zheng Li and Yang Zhang,0,CCS,2021,https://dl.acm.org/doi/pdf/10.1145/3460120.3484575,1,1,0,0,0,0,0,0,1,1,-1,CNN,1,1
694,"When Machine Unlearning Jeopardizes Privacy
","Min Chen, Zhikun Zhang, Tianhao Wang, Michael Backes,
Mathias Humbert, Yang Zhang",0,CCS,2021,https://dl.acm.org/doi/pdf/10.1145/3460120.3484756,1,1,1,0,0,0,0,0,3,0,0,CNN,2,1
702,Unleashing the Tiger: Inference Attacks on Split Learning,"Dario Pasquini, Giuseppe Ateniese, Massimo Bernaschi",0,CCS,2021,https://dl.acm.org/doi/pdf/10.1145/3460120.3485259,1,1,1,2,0,1,1,0,1,1,-1,CNN,2,2
703,Locally Private Graph Neural Networks,"Sina Sajadmanesh, Daniel Gatica-Perez",0,CCS,2021,https://dl.acm.org/doi/pdf/10.1145/3460120.3484565,1,1,2,0,0,0,0,0,1,1,-1,GNN,2,2
704,DataLens: Scalable Privacy Preserving Training via Gradient Compression and Aggregation,"Boxin Wang, Fan Wu, Yunhui Long, Luka Rimanic, Ce Zhang, Bo Li",0,CCS,2021,https://dl.acm.org/doi/pdf/10.1145/3460120.3484579,1,1,2,0,0,0,1,1,1,1,-1,DCGAN,2,2
708,Consistency Analysis of Data-Usage Purposes in Mobile Apps,"Duc Bui, Yuan Yo, Kang G. Shin, Jong-Min Choi, Junbum Shin",1,CCS,2021,https://dl.acm.org/doi/pdf/10.1145/3460120.3484536,1,1,2,0,0,0,0,0,4,1,-1,"neural Semantic Role lablel model, LR, MLP, RF",1,1
711,Hidden Backdoors in Human-Centric Language Models,"Shaofeng Li, Hui Liu, Tian Dong, Benjamin Zi Hao Zhao,Minhui Xue, Haojin Zhu, Jialiang Lu",0,CCS,2021,https://dl.acm.org/doi/pdf/10.1145/3460120.3484576,1,1,2,0,1,1,1,1,1,1,-1,DNN,1,2
713,Feature-Indistinguishable Attack to Circumvent Trapdoor-Enabled Defense,"Chaoxiang He, Bin Benjamin Zhu, Xiaojing Ma, Hai Jin, Shengshan Hu",1,CCS,2021,https://dl.acm.org/doi/pdf/10.1145/3460120.3485378,1,1,1,0,0,-1,1,1,1,1,-1,"CNN (ResNet, ResNet50)",2,2
714,DetectorGuard: Provably Securing Object Detectors against Localized Patch Hiding Attacks,"Chong Xiang, Prateek Mittal",0,CCS,2021,https://dl.acm.org/doi/pdf/10.1145/3460120.3484757,1,1,1,0,0,1,1,1,1,1,-1,"CNN, ResNet",1,2
717,PalmTree: Learning an Assembly Language Model for Instruction Embedding,"Xuezixiang Li, Yu Qu, Heng Yin",0,CCS,2021,https://dl.acm.org/doi/pdf/10.1145/3460120.3484587,1,1,1,1,1,0,0,0,0,0,0,BERT,1,2
719,COINN: Crypto/ML Codesign for Oblivious Inference via Neural Networks,"Siam Umar Hussain, Mojan Javaheripi, Mohammad Samragh, Farinaz Koushanfar",0,CCS,2021,https://dl.acm.org/doi/pdf/10.1145/3460120.3484797,1,1,2,0,0,0,0,0,1,1,-1,DNN,1,2
721,Realtime Robust Malicious Traffic Detection via Frequency Domain Analysis,"Chuanpu Fu, Qi Li, Meng Shen, Ke Xu",,CCS,2021,https://dl.acm.org/doi/pdf/10.1145/3460120.3484585,1,4,1,1,0,0,0,0,1,1,-1,Auto-Encoder,2,1
723,Adversarial Watermarking Transformer: Towards Tracing Text Provenance with Data Hiding,Sahar Abdelnabi and Mario Fritz,0,S&P,2021,https://ieeexplore.ieee.org/stamp/stamp.jsp?tp=&arnumber=9519400,1,1,2,0,0,0,0,0,1,1,-1,BERT,1,1
724,Machine Unlearning,"Lucas Bourtoule, Varun Chandrasekaran, Christopher A. Choquette-Choo, Hengrui Jia, Adelin Travers, Baiwu Zhang, David Lie, Nicolas Papernot",0,S&P,2021,https://ieeexplore.ieee.org/stamp/stamp.jsp?tp=&arnumber=9519428,1,1,1,1,0,0,0,0,1,1,-1,"ResNet, DNN, CNN",1,1
726,Invisible for both Camera and LiDAR: Security of Multi-Sensor Fusion based Perception in Autonomous Driving Under Physical-World Attacks,"Yulong Cao, Ningfei Wang, Chaowei Xiao, Dawei Yang, Jin Fang, Ruigang Yang, Qi Alfred Chen, Mingyan Liu, Bo Li",1,S&P,2021,https://ieeexplore.ieee.org/stamp/stamp.jsp?tp=&arnumber=9519442,1,3,2,0,1,0,0,0,1,1,-1,YOLO,1,1
734,SIRNN: A Math Library for Secure RNN Inference,"Deevashwer Rathee, Mayank Rathee, Rahul Kranti Kiran Goli, Divya Gupta, Rahul Sharma, Nishanth Chandran, Aseem Rastogi",,S&P,2021,https://ieeexplore.ieee.org/stamp/stamp.jsp?tp=&arnumber=9519413,1,1,2,2,0,0,0,0,1,1,-1,"CNN, RNN",-1,-1
735,CRYPTGPU: Fast Privacy-Preserving Machine Learning on the GPU,"Sijun Tan, Brian Knott, Yuan Tian, David J. Wu",1,S&P,2021,https://ieeexplore.ieee.org/stamp/stamp.jsp?tp=&arnumber=9519386,1,3,2,2,0,0,0,0,1,1,-1,CNN,-1,-1
740,Improving Password Guessing via Representation Learning,"Dario Pasquini, Ankit Gangwal, Giuseppe Ateniese, Massimo Bernaschi, Mauro Conti",0,S&P,2021,https://ieeexplore.ieee.org/stamp/stamp.jsp?tp=&arnumber=9519399,1,1,1,0,1,0,1,1,1,1,-1,GAN,2,2
742,Runtime Recovery of Web Applications under Zero-Day ReDoS Attacks,"Zhihao Bai, Ke Wang, Hang Zhu, Yinzhi Cao, Xin Jin",0,S&P,2021,https://ieeexplore.ieee.org/stamp/stamp.jsp?tp=&arnumber=9519496,1,1,2,0,0,1,1,1,0,0,0,DNN,2,2
